Fecha,Partner,Pais,Inversion,Registros,primeros_Depositos
2025-10-02,Doradobet,Costa Rica,0.0,,
2025-10-02,Doradobet,Ecuador,9.001961999999999,,
2025-10-02,Doradobet,El Salvador,6.386930999999999,,
2025-10-02,Doradobet,Nicaragua,4.228506,,
2025-10-02,Doradobet,Perú,49.0,,
2025-10-02,Ecuabet,Ecuador,17.09665,,
2025-10-03,Doradobet,Costa Rica,0.0,,
2025-10-03,Doradobet,Ecuador,0.742324,,
2025-10-03,Doradobet,El Salvador,6.627650999999999,,
2025-10-03,Doradobet,Nicaragua,4.259085,,
2025-10-03,Doradobet,Perú,10.0,,
2025-10-03,Ecuabet,Ecuador,15.115937,,
2025-10-04,Doradobet,Costa Rica,0.0,,
2025-10-04,Doradobet,Ecuador,8.746955,,
2025-10-04,Doradobet,El Salvador,85.99552800000001,,
2025-10-04,Doradobet,Nicaragua,20.75315900000001,,
2025-10-04,Doradobet,Perú,33.0,,
2025-10-04,Ecuabet,Ecuador,55.97117799999997,,
2025-10-05,Doradobet,Costa Rica,0.0,,
2025-10-05,Doradobet,Ecuador,3.5265779999999998,,
2025-10-05,Doradobet,El Salvador,107.98645499999986,,
2025-10-05,Doradobet,Nicaragua,17.427064999999978,,
2025-10-05,Doradobet,Perú,66.0,,
2025-10-05,Ecuabet,Ecuador,69.45305799999997,,
2025-10-06,Doradobet,Costa Rica,0.0,,
2025-10-06,Doradobet,Ecuador,13.035784,,
2025-10-06,Doradobet,El Salvador,7.681878000000001,,
2025-10-06,Doradobet,Nicaragua,4.096284,,
2025-10-06,Doradobet,Perú,13.0,,
2025-10-06,Ecuabet,Ecuador,46.11066199999998,,
2025-10-07,Doradobet,Costa Rica,8.749342000000002,,
2025-10-07,Doradobet,Ecuador,0.293267,,
2025-10-07,Doradobet,El Salvador,6.115935,,
2025-10-07,Doradobet,Nicaragua,3.660551,,
2025-10-07,Doradobet,Perú,14.0,,
2025-10-07,Ecuabet,Ecuador,8.476861,,
2025-10-08,Doradobet,Costa Rica,8.787549,,
2025-10-08,Doradobet,Ecuador,0.45360100000000003,,
2025-10-08,Doradobet,El Salvador,6.033794000000001,,
2025-10-08,Doradobet,Nicaragua,3.156645,,
2025-10-08,Doradobet,Perú,8.0,,
2025-10-08,Ecuabet,Ecuador,8.98117,,
2025-10-09,Doradobet,Costa Rica,8.581091,,
2025-10-09,Doradobet,Ecuador,0.5728530000000001,,
2025-10-09,Doradobet,El Salvador,5.903384999999999,,
2025-10-09,Doradobet,Nicaragua,3.0001719999999996,,
2025-10-09,Doradobet,Perú,12.0,,
2025-10-09,Ecuabet,Ecuador,11.95761,,
2025-10-10,Doradobet,Costa Rica,12.944382000000003,,
2025-10-10,Doradobet,Ecuador,0.9220769999999999,,
2025-10-10,Doradobet,El Salvador,11.256464999999999,,
2025-10-10,Doradobet,Nicaragua,4.471117,,
2025-10-10,Doradobet,Perú,10.0,,
2025-10-10,Ecuabet,Ecuador,24.337652,,
2025-10-11,Doradobet,Costa Rica,10.989847000000001,,
2025-10-11,Doradobet,Ecuador,29.663457999999995,,
2025-10-11,Doradobet,El Salvador,72.98161099999986,,
2025-10-11,Doradobet,Nicaragua,5.758867999999999,,
2025-10-11,Doradobet,Perú,24.0,,
2025-10-11,Ecuabet,Ecuador,106.24322799999999,,
2025-10-12,Doradobet,Costa Rica,9.867783999999999,,
2025-10-12,Doradobet,Ecuador,2.242744,,
2025-10-12,Doradobet,El Salvador,15.801372000000002,,
2025-10-12,Doradobet,Nicaragua,5.6743,,
2025-10-12,Doradobet,Perú,2.0,,
2025-10-12,Ecuabet,Ecuador,30.861578000000005,,
2025-10-13,Doradobet,Costa Rica,8.440056000000002,,
2025-10-13,Doradobet,Ecuador,1.883794,,
2025-10-13,Doradobet,El Salvador,9.247043999999999,,
2025-10-13,Doradobet,Nicaragua,5.370596,,
2025-10-13,Doradobet,Perú,8.0,,
2025-10-13,Ecuabet,Ecuador,22.453744000000004,,
2025-10-14,Doradobet,Costa Rica,15.435901000000007,,
2025-10-14,Doradobet,Ecuador,5.89839,,
2025-10-14,Doradobet,El Salvador,19.007383000000004,,
2025-10-14,Doradobet,Nicaragua,7.287346000000001,,
2025-10-14,Doradobet,Perú,8.0,,
2025-10-14,Ecuabet,Ecuador,32.522963999999995,,
2025-10-01,Doradobet,Chile,164.84,11.0,1.0
2025-10-01,Doradobet,Costa Rica,353.36,85.0,41.0
2025-10-01,Doradobet,Ecuador,225.11,53.0,27.0
2025-10-01,Doradobet,El Salvador,159.75,31.0,8.0
2025-10-01,Doradobet,Perú,373.89,82.0,15.0
2025-10-01,Ecuabet,Ecuador,351.04,156.0,52.0
2025-10-01,GanaPlay,El Salvador,92.92,89.0,31.0
2025-10-01,GanaPlay,Guatemala,82.85000000000001,18.0,5.0
2025-10-01,Paniplay,Honduras,114.57,12.0,6.0
2025-10-02,Doradobet,Chile,192.84,3.0,5.0
2025-10-02,Doradobet,Costa Rica,418.57,58.0,35.0
2025-10-02,Doradobet,Ecuador,434.3,40.0,19.0
2025-10-02,Doradobet,El Salvador,153.52,9.0,2.0
2025-10-02,Doradobet,Perú,363.66,46.0,20.0
2025-10-02,Ecuabet,Ecuador,581.95,87.0,23.0
2025-10-02,GanaPlay,El Salvador,138.32,48.0,17.0
2025-10-02,GanaPlay,Guatemala,119.38,18.0,2.0
2025-10-02,Paniplay,Honduras,48.97,8.0,4.0
2025-10-03,Doradobet,Chile,216.04,4.0,2.0
2025-10-03,Doradobet,Costa Rica,412.76,44.0,30.0
2025-10-03,Doradobet,Ecuador,353.71,30.0,16.0
2025-10-03,Doradobet,El Salvador,158.14,19.0,4.0
2025-10-03,Doradobet,Perú,413.59,45.0,15.0
2025-10-03,Ecuabet,Ecuador,609.96,66.0,27.0
2025-10-03,GanaPlay,El Salvador,191.97,37.0,15.0
2025-10-03,GanaPlay,Guatemala,129.81,16.0,5.0
2025-10-03,Paniplay,Honduras,50.769999999999996,8.0,1.0
2025-10-04,Doradobet,Chile,195.04,10.0,1.0
2025-10-04,Doradobet,Costa Rica,469.92,43.0,25.0
2025-10-04,Doradobet,Ecuador,410.07,40.0,19.0
2025-10-04,Doradobet,El Salvador,119.33,14.0,4.0
2025-10-04,Doradobet,Perú,392.0,41.0,14.0
2025-10-04,Ecuabet,Ecuador,642.06,79.0,26.0
2025-10-04,GanaPlay,El Salvador,143.94,52.0,23.0
2025-10-04,GanaPlay,Guatemala,100.73,7.0,2.0
2025-10-04,Paniplay,Honduras,29.939999999999998,11.0,3.0
2025-10-05,Doradobet,Chile,271.8,14.0,2.0
2025-10-05,Doradobet,Costa Rica,629.03,75.0,34.0
2025-10-05,Doradobet,Ecuador,348.97,40.0,4.0
2025-10-05,Doradobet,El Salvador,159.59,22.0,5.0
2025-10-05,Doradobet,Perú,376.45,56.0,6.0
2025-10-05,Ecuabet,Ecuador,591.86,89.0,10.0
2025-10-05,GanaPlay,El Salvador,187.16,62.0,6.0
2025-10-05,GanaPlay,Guatemala,73.14,14.0,1.0
2025-10-05,Paniplay,Honduras,50.09,9.0,3.0
2025-10-06,Doradobet,Chile,205.79,7.0,0.0
2025-10-06,Doradobet,Costa Rica,478.94,37.0,15.0
2025-10-06,Doradobet,Ecuador,373.21,31.0,3.0
2025-10-06,Doradobet,El Salvador,150.04000000000002,10.0,1.0
2025-10-06,Doradobet,Perú,341.2,42.0,6.0
2025-10-06,Ecuabet,Ecuador,658.2,49.0,6.0
2025-10-06,GanaPlay,El Salvador,120.64,40.0,5.0
2025-10-06,GanaPlay,Guatemala,112.71000000000001,9.0,0.0
2025-10-06,Paniplay,Honduras,39.77,6.0,1.0
2025-10-07,Doradobet,Chile,246.73,9.0,2.0
2025-10-07,Doradobet,Costa Rica,553.22,43.0,22.0
2025-10-07,Doradobet,Ecuador,363.46,24.0,7.0
2025-10-07,Doradobet,El Salvador,197.73,16.0,7.0
2025-10-07,Doradobet,Perú,281.39,37.0,12.0
2025-10-07,Ecuabet,Ecuador,556.61,50.0,13.0
2025-10-07,GanaPlay,El Salvador,145.69,29.0,10.0
2025-10-07,GanaPlay,Guatemala,93.21000000000001,7.0,0.0
2025-10-07,Paniplay,Honduras,37.519999999999996,3.0,0.0
2025-10-08,Doradobet,Chile,225.56,6.0,1.0
2025-10-08,Doradobet,Costa Rica,481.97,47.0,29.0
2025-10-08,Doradobet,Ecuador,371.69,31.0,13.0
2025-10-08,Doradobet,El Salvador,161.54,17.0,5.0
2025-10-08,Doradobet,Guatemala,71.32,1.0,0.0
2025-10-08,Doradobet,Perú,389.06,41.0,11.0
2025-10-08,Ecuabet,Ecuador,752.43,50.0,14.0
2025-10-08,GanaPlay,El Salvador,154.69,19.0,9.0
2025-10-08,GanaPlay,Guatemala,134.38,6.0,3.0
2025-10-08,Paniplay,Honduras,38.21,4.0,0.0
2025-10-09,Doradobet,Chile,301.06,5.0,2.0
2025-10-09,Doradobet,Costa Rica,473.75,86.0,47.0
2025-10-09,Doradobet,Ecuador,288.04,28.0,10.0
2025-10-09,Doradobet,El Salvador,85.83,9.0,5.0
2025-10-09,Doradobet,Guatemala,129.54,10.0,3.0
2025-10-09,Doradobet,Perú,234.92000000000002,37.0,3.0
2025-10-09,Ecuabet,Ecuador,407.26,67.0,18.0
2025-10-09,GanaPlay,El Salvador,136.73,35.0,11.0
2025-10-09,GanaPlay,Guatemala,92.61,8.0,2.0
2025-10-09,Paniplay,Honduras,49.36,15.0,6.0
2025-10-10,Doradobet,Chile,349.28,12.0,1.0
2025-10-10,Doradobet,Costa Rica,404.67,84.0,41.0
2025-10-10,Doradobet,Ecuador,351.77,42.0,24.0
2025-10-10,Doradobet,El Salvador,110.47,23.0,8.0
2025-10-10,Doradobet,Guatemala,140.53,14.0,5.0
2025-10-10,Doradobet,Perú,254.37,51.0,10.0
2025-10-10,Ecuabet,Ecuador,403.22,61.0,17.0
2025-10-10,GanaPlay,El Salvador,225.68,68.0,19.0
2025-10-10,GanaPlay,Guatemala,95.91,22.0,6.0
2025-10-10,Paniplay,Honduras,39.32,16.0,3.0
2025-10-11,Doradobet,Chile,214.99,10.0,3.0
2025-10-11,Doradobet,Costa Rica,533.34,51.0,34.0
2025-10-11,Doradobet,Ecuador,432.71999999999997,28.0,16.0
2025-10-11,Doradobet,El Salvador,93.19,29.0,2.0
2025-10-11,Doradobet,Guatemala,134.54,6.0,2.0
2025-10-11,Doradobet,Perú,156.19,37.0,10.0
2025-10-11,Ecuabet,Ecuador,483.98,63.0,12.0
2025-10-11,GanaPlay,El Salvador,178.69,78.0,24.0
2025-10-11,GanaPlay,Guatemala,80.02,8.0,2.0
2025-10-11,Paniplay,Honduras,78.13,7.0,1.0
2025-10-12,Doradobet,Chile,197.56,7.0,1.0
2025-10-12,Doradobet,Costa Rica,395.65999999999997,40.0,20.0
2025-10-12,Doradobet,Ecuador,333.29,28.0,9.0
2025-10-12,Doradobet,El Salvador,102.22,8.0,5.0
2025-10-12,Doradobet,Guatemala,107.59,7.0,1.0
2025-10-12,Doradobet,Perú,171.48,26.0,6.0
2025-10-12,Ecuabet,Ecuador,424.82,51.0,9.0
2025-10-12,GanaPlay,El Salvador,122.61,31.0,15.0
2025-10-12,GanaPlay,Guatemala,47.879999999999995,16.0,2.0
2025-10-12,Paniplay,Honduras,46.84,8.0,3.0
2025-10-13,Doradobet,Chile,190.97,11.0,3.0
2025-10-13,Doradobet,Costa Rica,463.41,55.0,41.0
2025-10-13,Doradobet,Ecuador,370.89,21.0,13.0
2025-10-13,Doradobet,El Salvador,123.09,10.0,3.0
2025-10-13,Doradobet,Guatemala,127.67,1.0,1.0
2025-10-13,Doradobet,Perú,153.12,30.0,8.0
2025-10-13,Ecuabet,Ecuador,507.7,44.0,15.0
2025-10-13,GanaPlay,El Salvador,169.88,30.0,14.0
2025-10-13,GanaPlay,Guatemala,75.42,8.0,1.0
2025-10-13,Paniplay,Honduras,59.23,8.0,1.0
2025-10-14,Doradobet,Chile,184.27,15.0,4.0
2025-10-14,Doradobet,Costa Rica,409.29,73.0,45.0
2025-10-14,Doradobet,Ecuador,291.2,36.0,13.0
2025-10-14,Doradobet,El Salvador,73.83,19.0,3.0
2025-10-14,Doradobet,Guatemala,128.9,7.0,4.0
2025-10-14,Doradobet,Perú,163.02,38.0,5.0
2025-10-14,Ecuabet,Ecuador,498.82,69.0,18.0
2025-10-14,GanaPlay,El Salvador,203.85,45.0,14.0
2025-10-14,GanaPlay,Guatemala,83.17999999999999,12.0,0.0
2025-10-14,Paniplay,Honduras,40.83,11.0,2.0
2025-10-01,Aciertala,Perú,22.525,,
2025-10-01,Ecuabet,Ecuador,54.709,,
2025-10-02,Aciertala,Perú,22.225,,
2025-10-02,Ecuabet,Ecuador,71.7585,,
2025-10-03,Aciertala,Perú,22.53,,
2025-10-03,Ecuabet,Ecuador,78.39150000000001,,
2025-10-04,Aciertala,Perú,22.155,,
2025-10-04,Ecuabet,Ecuador,71.1575,,
2025-10-05,Aciertala,Perú,22.525,,
2025-10-05,Ecuabet,Ecuador,67.9115,,
2025-10-06,Aciertala,Perú,22.295,,
2025-10-06,Ecuabet,Ecuador,59.622499999999995,,
2025-10-07,Aciertala,Perú,22.509999999999998,,
2025-10-07,Ecuabet,Ecuador,62.200500000000005,,
2025-10-08,Aciertala,Perú,22.225,,
2025-10-08,Ecuabet,Ecuador,60.943999999999996,,
2025-10-09,Aciertala,Perú,22.37,,
2025-10-09,Ecuabet,Ecuador,59.2415,,
2025-10-10,Aciertala,Perú,22.37,,
2025-10-10,Ecuabet,Ecuador,69.20400000000001,,
2025-10-11,Aciertala,Perú,22.455,,
2025-10-11,Ecuabet,Ecuador,66.16799999999999,,
2025-10-12,Aciertala,Perú,22.16,,
2025-10-12,Ecuabet,Ecuador,70.24549999999999,,
2025-10-13,Aciertala,Perú,22.450000000000003,,
2025-10-13,Ecuabet,Ecuador,110.37899999999999,,
2025-10-14,Aciertala,Perú,22.450000000000003,,
2025-10-14,Ecuabet,Ecuador,135.886,,
2025-10-01,Aciertala,Perú,3.114,,
2025-10-01,Camanbet,Venezuela,18.824,,
2025-10-01,Doradobet,Chile,1.4160000000000001,,
2025-10-01,Doradobet,Costa Rica,8.062,,
2025-10-01,Doradobet,Ecuador,51.82599999999999,,
2025-10-01,Doradobet,El Salvador,20.157,,
2025-10-01,Doradobet,Guatemala,12.892999999999999,,
2025-10-01,Doradobet,Honduras,100.024,,
2025-10-01,Doradobet,Nicaragua,4.385,,
2025-10-01,Ecuabet,Ecuador,15.808,,
2025-10-01,Paniplay,Honduras,7.872,,
2025-10-02,Aciertala,Perú,3.047,,
2025-10-02,Camanbet,Venezuela,16.288,,
2025-10-02,Doradobet,Chile,3.451,,
2025-10-02,Doradobet,Costa Rica,5.647,,
2025-10-02,Doradobet,Ecuador,38.608999999999995,,
2025-10-02,Doradobet,El Salvador,8.712,,
2025-10-02,Doradobet,Guatemala,1.1079999999999999,,
2025-10-02,Doradobet,Honduras,36.307,,
2025-10-02,Doradobet,Nicaragua,5.162,,
2025-10-02,Ecuabet,Ecuador,8.984,,
2025-10-02,Paniplay,Honduras,2.375,,
2025-10-03,Aciertala,Perú,2.943,,
2025-10-03,Camanbet,Venezuela,26.066,,
2025-10-03,Doradobet,Chile,4.082,,
2025-10-03,Doradobet,Costa Rica,3.898,,
2025-10-03,Doradobet,Ecuador,11.189,,
2025-10-03,Doradobet,El Salvador,7.141,,
2025-10-03,Doradobet,Guatemala,10.57,,
2025-10-03,Doradobet,Honduras,7.665,,
2025-10-03,Doradobet,Nicaragua,1.839,,
2025-10-03,Ecuabet,Ecuador,8.525,,
2025-10-03,Paniplay,Honduras,1.925,,
2025-10-04,Aciertala,Perú,3.766,,
2025-10-04,Camanbet,Venezuela,21.775,,
2025-10-04,Doradobet,Chile,4.759,,
2025-10-04,Doradobet,Costa Rica,5.414,,
2025-10-04,Doradobet,Ecuador,6.612,,
2025-10-04,Doradobet,El Salvador,7.539000000000001,,
2025-10-04,Doradobet,Guatemala,10.622,,
2025-10-04,Doradobet,Honduras,5.6739999999999995,,
2025-10-04,Doradobet,Nicaragua,3.084,,
2025-10-04,Ecuabet,Ecuador,7.719,,
2025-10-04,Paniplay,Honduras,2.475,,
2025-10-05,Aciertala,Perú,4.372,,
2025-10-05,Camanbet,Venezuela,18.256999999999998,,
2025-10-05,Doradobet,Chile,5.723,,
2025-10-05,Doradobet,Costa Rica,7.782,,
2025-10-05,Doradobet,Ecuador,6.726,,
2025-10-05,Doradobet,El Salvador,9.411,,
2025-10-05,Doradobet,Guatemala,10.605,,
2025-10-05,Doradobet,Honduras,3.49,,
2025-10-05,Doradobet,Nicaragua,3.606,,
2025-10-05,Ecuabet,Ecuador,9.371,,
2025-10-05,Paniplay,Honduras,1.912,,
2025-10-06,Aciertala,Perú,3.4010000000000002,,
2025-10-06,Camanbet,Venezuela,17.333000000000002,,
2025-10-06,Doradobet,Chile,3.437,,
2025-10-06,Doradobet,Costa Rica,16.092,,
2025-10-06,Doradobet,Ecuador,5.405,,
2025-10-06,Doradobet,El Salvador,7.7,,
2025-10-06,Doradobet,Guatemala,10.468,,
2025-10-06,Doradobet,Honduras,1.24,,
2025-10-06,Doradobet,Nicaragua,3.6430000000000002,,
2025-10-06,Ecuabet,Ecuador,3.205,,
2025-10-06,Paniplay,Honduras,13.189,,
2025-10-07,Aciertala,Perú,3.48,,
2025-10-07,Camanbet,Venezuela,16.719,,
2025-10-07,Doradobet,Chile,3.153,,
2025-10-07,Doradobet,Costa Rica,10.826,,
2025-10-07,Doradobet,Ecuador,2.052,,
2025-10-07,Doradobet,El Salvador,1.041,,
2025-10-07,Doradobet,Guatemala,11.044,,
2025-10-07,Doradobet,Honduras,1.245,,
2025-10-07,Doradobet,Nicaragua,3.455,,
2025-10-07,Ecuabet,Ecuador,15.692,,
2025-10-07,Paniplay,Honduras,9.515,,
2025-10-08,Aciertala,Perú,4.3549999999999995,,
2025-10-08,Camanbet,Venezuela,16.862,,
2025-10-08,Doradobet,Chile,3.001,,
2025-10-08,Doradobet,Costa Rica,11.042,,
2025-10-08,Doradobet,Ecuador,3.682,,
2025-10-08,Doradobet,El Salvador,67.56200000000001,,
2025-10-08,Doradobet,Guatemala,10.506,,
2025-10-08,Doradobet,Honduras,0.862,,
2025-10-08,Doradobet,Nicaragua,2.665,,
2025-10-08,Ecuabet,Ecuador,11.289,,
2025-10-08,Paniplay,Honduras,8.0,,
2025-10-09,Aciertala,Perú,2.838,,
2025-10-09,Camanbet,Venezuela,16.057,,
2025-10-09,Doradobet,Chile,0.508,,
2025-10-09,Doradobet,Costa Rica,11.573,,
2025-10-09,Doradobet,Ecuador,0.43600000000000005,,
2025-10-09,Doradobet,El Salvador,22.523,,
2025-10-09,Doradobet,Guatemala,11.955,,
2025-10-09,Doradobet,Honduras,1.799,,
2025-10-09,Doradobet,Nicaragua,2.716,,
2025-10-09,Ecuabet,Ecuador,41.42,,
2025-10-09,Paniplay,Honduras,8.161999999999999,,
2025-10-10,Aciertala,Perú,3.0100000000000002,,
2025-10-10,Camanbet,Venezuela,26.089,,
2025-10-10,Doradobet,Chile,1.6680000000000001,,
2025-10-10,Doradobet,Costa Rica,18.885,,
2025-10-10,Doradobet,Ecuador,11.065000000000001,,
2025-10-10,Doradobet,El Salvador,24.93,,
2025-10-10,Doradobet,Guatemala,10.779,,
2025-10-10,Doradobet,Honduras,2.176,,
2025-10-10,Doradobet,Nicaragua,1.274,,
2025-10-10,Ecuabet,Ecuador,22.179,,
2025-10-10,Paniplay,Honduras,6.049,,
2025-10-11,Aciertala,Perú,2.94,,
2025-10-11,Camanbet,Venezuela,19.003,,
2025-10-11,Doradobet,Chile,3.1750000000000003,,
2025-10-11,Doradobet,Costa Rica,11.780999999999999,,
2025-10-11,Doradobet,Ecuador,4.401,,
2025-10-11,Doradobet,El Salvador,14.263,,
2025-10-11,Doradobet,Guatemala,6.7170000000000005,,
2025-10-11,Doradobet,Honduras,2.138,,
2025-10-11,Doradobet,Nicaragua,0.553,,
2025-10-11,Ecuabet,Ecuador,10.375,,
2025-10-11,Paniplay,Honduras,6.311,,
2025-10-12,Aciertala,Perú,2.984,,
2025-10-12,Camanbet,Venezuela,16.576,,
2025-10-12,Doradobet,Chile,3.384,,
2025-10-12,Doradobet,Costa Rica,11.841000000000001,,
2025-10-12,Doradobet,Ecuador,4.239,,
2025-10-12,Doradobet,El Salvador,14.635,,
2025-10-12,Doradobet,Guatemala,6.064,,
2025-10-12,Doradobet,Honduras,2.179,,
2025-10-12,Doradobet,Nicaragua,0.507,,
2025-10-12,Ecuabet,Ecuador,9.802,,
2025-10-12,Paniplay,Honduras,6.613,,
2025-10-13,Aciertala,Perú,2.895,,
2025-10-13,Camanbet,Venezuela,16.345,,
2025-10-13,Doradobet,Chile,4.225,,
2025-10-13,Doradobet,Costa Rica,10.814,,
2025-10-13,Doradobet,Ecuador,2.739,,
2025-10-13,Doradobet,El Salvador,14.283,,
2025-10-13,Doradobet,Guatemala,4.751,,
2025-10-13,Doradobet,Honduras,2.936,,
2025-10-13,Doradobet,Nicaragua,0.325,,
2025-10-13,Ecuabet,Ecuador,6.3759999999999994,,
2025-10-13,Paniplay,Honduras,2.585,,
2025-10-14,Aciertala,Perú,3.108,,
2025-10-14,Camanbet,Venezuela,16.046,,
2025-10-14,Doradobet,Chile,3.574,,
2025-10-14,Doradobet,Costa Rica,8.283,,
2025-10-14,Doradobet,Ecuador,4.566,,
2025-10-14,Doradobet,El Salvador,14.327,,
2025-10-14,Doradobet,Guatemala,5.720000000000001,,
2025-10-14,Doradobet,Honduras,1.3699999999999999,,
2025-10-14,Doradobet,Nicaragua,6.702,,
2025-10-14,Ecuabet,Ecuador,6.609,,
2025-10-14,Paniplay,Honduras,7.565,,
2025-10-01,Doradobet,Costa Rica,35.65,,
2025-10-02,Doradobet,Costa Rica,35.72,,
2025-10-03,Doradobet,Costa Rica,34.48,,
2025-10-04,Doradobet,Costa Rica,35.42,,
2025-10-05,Doradobet,Costa Rica,36.32,,
2025-10-06,Doradobet,Costa Rica,35.87,,
2025-10-07,Doradobet,Costa Rica,35.11,,
2025-10-08,Doradobet,Costa Rica,30.91,,
2025-10-09,Doradobet,Costa Rica,34.94,,
2025-10-10,Doradobet,Costa Rica,35.39,,
2025-10-11,Doradobet,Costa Rica,32.4,,
2025-10-12,Doradobet,Costa Rica,34.28,,
2025-10-13,Doradobet,Costa Rica,35.09,,
2025-10-14,Doradobet,Costa Rica,35.28,,
25-10-03,Ecuabet,Ecuador,6.2,,
25-10-04,Ecuabet,Ecuador,8.33,,
25-10-05,Ecuabet,Ecuador,9.19,,
25-10-06,Ecuabet,Ecuador,9.24,,
25-10-07,Ecuabet,Ecuador,8.93,,
25-10-08,Ecuabet,Ecuador,8.97,,
25-10-09,Ecuabet,Ecuador,9.07,,
25-10-10,Ecuabet,Ecuador,8.51,,
25-10-11,Ecuabet,Ecuador,9.29,,
25-10-12,Ecuabet,Ecuador,9.11,,
25-10-13,Ecuabet,Ecuador,9.06,,
25-10-14,Ecuabet,Ecuador,9.16,,
