date      , country, conversions, spending            , campaignid, clicks, impressions, campaignname
2025-10-01, EC     ,           1,  9.053435000000002  ,  437525820,      0,       37906, EC_Ecuabet_DeportivasMixtas_Mob_CPAT
2025-10-01, EC     ,           0,  8.751546000000003  ,  444589020,      0,       18209, EC_Ecuabet_Popunder_Casino_Desk_CPAT
2025-10-01, EC     ,           1, 42.511816000000096  ,  444589620,      0,       59368, EC_Ecuabet_Popunder_Casino_Mob_CPAT
2025-10-01, EC     ,           0,  9.432099000000004  ,  444590820,      0,       19396, EC_Ecuabet_DeportivasMixtas_Desk_CPAT
2025-10-01, EC     ,           0, 11.205260000000006  ,  444595020,      0,       23088, DB_Ecuado_Popunder_Crash_Game_Desk_CPA
2025-10-01, EC     ,           0,  0.0                ,  449832420,      0,       33215, EC_Doradobet_Popunder_lLiga_Pro_Mobile_CPA
2025-10-01, EC     ,           0,  0.0                ,  449833020,      0,       35293, EC_Doradobet_Popunder_Crash_Game_Mobile_CPA
2025-10-01, EC     ,           1,  3.0                ,  449834820,      0,       53109, EC_Doradobet_Popunder_Sorteo_Carro_Mobile_CPA
2025-10-01, NI     ,           5, 11.784085999999999  ,  437521620,      0,       60658, NI_Doradobet_Poker_Ruleta_MOBIEL_CPAT
2025-10-01, NI     ,          11, 14.93843799999997   ,  437522820,      0,       75923, NI_Doradobet_Reglo_Registro_MOBIEL_CPA
2025-10-01, NI     ,           1,  1.0331209999999997 ,  437523420,      0,        7084, NI_Doradobet_Reglo_Registro_DESK_CPA
2025-10-01, PE     ,           3,  3.0                ,  448580820,      0,       78336, PE_Doradobet_Jack_Pot_Desk_CPA
2025-10-01, PE     ,           6, 12.0                ,  448840620,      0,      242080, PE_Doradobet_Jack_Pot_Mobile_CPA
2025-10-01, PE     ,           4,  8.0                ,  448841220,      0,      219302, PE_Doradobet_GENERICO_LIGA_1_Mob_CPA
2025-10-01, PE     ,           0,  0.0                ,  448841820,      0,       68280, PE_Doradobet_GENERICO_LIGA_1_Desk_CPA
2025-10-01, PE     ,           7, 14.0                ,  448843020,      0,      174964, PE_Doradobet_Bono_Bienvenida_Desk_CPA
2025-10-01, PE     ,           8, 16.0                ,  448843620,      0,      452846, PE_Doradobet_Bono_Bienvenida_Mob_CPA
2025-10-01, SV     ,          15, 96.43823499999988   ,  437511420,      0,      129429, ES_Doradobet_Popunder_Regalo_Bono_Mob_CPAT
2025-10-01, SV     ,           0,  6.621053000000005  ,  437512020,      0,       15665, ES_Doradobet_Popunder_Regalo_Bono_Desk_CPAT
2025-10-01, SV     ,           3,  6.0                ,  442119420,      0,       66681, ES_Doradobet_Popunder_Regalo_Registro_Mobile_CPAT
2025-10-01, SV     ,           8, 16.0                ,  449842020,      0,      183525, ES_Doradobet_Popunder_Deportivas_CPA
2025-10-02, CR     ,           0,  0.0                ,  458606220,      0,        1892, CR_Doradobet_PopUnder_Regalo_por_registro_Mobil
2025-10-02, EC     ,           0,  9.046052           ,  437525820,      0,       18604, EC_Ecuabet_DeportivasMixtas_Mob_CPAT
2025-10-02, EC     ,           0,  1.1760749999999998 ,  444589020,      0,        3584, EC_Ecuabet_Popunder_Casino_Desk_CPAT
2025-10-02, EC     ,           0,  6.3083279999999995 ,  444589620,      0,       12928, EC_Ecuabet_Popunder_Casino_Mob_CPAT
2025-10-02, EC     ,           0,  0.566195           ,  444590820,      0,        2602, EC_Ecuabet_DeportivasMixtas_Desk_CPAT
2025-10-02, EC     ,           0,  1.001962           ,  444595020,      0,        3964, DB_Ecuado_Popunder_Crash_Game_Desk_CPA
2025-10-02, EC     ,           1,  2.0                ,  449832420,      0,        8200, EC_Doradobet_Popunder_lLiga_Pro_Mobile_CPA
2025-10-02, EC     ,           0,  0.0                ,  449833020,      0,        6277, EC_Doradobet_Popunder_Crash_Game_Mobile_CPA
2025-10-02, EC     ,           2,  6.0                ,  449834820,      0,       13041, EC_Doradobet_Popunder_Sorteo_Carro_Mobile_CPA
2025-10-02, NI     ,           0,  1.606713           ,  437521620,      0,        4894, NI_Doradobet_Poker_Ruleta_MOBIEL_CPAT
2025-10-02, NI     ,           0,  2.4776629999999997 ,  437522820,      0,        7210, NI_Doradobet_Reglo_Registro_MOBIEL_CPA
2025-10-02, NI     ,           0,  0.14413            ,  437523420,      0,        1119, NI_Doradobet_Reglo_Registro_DESK_CPA
2025-10-02, PE     ,           1,  1.0                ,  448580820,      0,       51810, PE_Doradobet_Jack_Pot_Desk_CPA
2025-10-02, PE     ,           0,  0.0                ,  448840620,      0,      166667, PE_Doradobet_Jack_Pot_Mobile_CPA
2025-10-02, PE     ,           2,  4.0                ,  448841220,      0,      137215, PE_Doradobet_GENERICO_LIGA_1_Mob_CPA
2025-10-02, PE     ,           1,  2.0                ,  448841820,      0,       35461, PE_Doradobet_GENERICO_LIGA_1_Desk_CPA
2025-10-02, PE     ,           8, 16.0                ,  448843020,      0,      132346, PE_Doradobet_Bono_Bienvenida_Desk_CPA
2025-10-02, PE     ,          13, 26.0                ,  448843620,      0,      378036, PE_Doradobet_Bono_Bienvenida_Mob_CPA
2025-10-02, SV     ,           0,  6.037311           ,  437511420,      0,       11751, ES_Doradobet_Popunder_Regalo_Bono_Mob_CPAT
2025-10-02, SV     ,           0,  0.34962            ,  437512020,      0,        1254, ES_Doradobet_Popunder_Regalo_Bono_Desk_CPAT
2025-10-02, SV     ,           0,  0.0                ,  442119420,      0,        3629, ES_Doradobet_Popunder_Regalo_Registro_Mobile_CPAT
2025-10-02, SV     ,           0,  0.0                ,  449842020,      0,       11309, ES_Doradobet_Popunder_Deportivas_CPA
2025-10-03, CR     ,           0,  0.0                ,  458606220,      0,        4945, CR_Doradobet_PopUnder_Regalo_por_registro_Mobil
2025-10-03, EC     ,           0,  6.097568000000001  ,  437525820,      0,       12555, EC_Ecuabet_DeportivasMixtas_Mob_CPAT
2025-10-03, EC     ,           1,  1.097576           ,  444589020,      0,        3739, EC_Ecuabet_Popunder_Casino_Desk_CPAT
2025-10-03, EC     ,           0,  7.63295            ,  444589620,      0,       15923, EC_Ecuabet_Popunder_Casino_Mob_CPAT
2025-10-03, EC     ,           0,  0.28784299999999996,  444590820,      0,        1981, EC_Ecuabet_DeportivasMixtas_Desk_CPAT
2025-10-03, EC     ,           0,  0.742324           ,  444595020,      0,        3251, DB_Ecuado_Popunder_Crash_Game_Desk_CPA
2025-10-03, EC     ,           0,  0.0                ,  449832420,      0,        8246, EC_Doradobet_Popunder_lLiga_Pro_Mobile_CPA
2025-10-03, EC     ,           0,  0.0                ,  449833020,      0,        5922, EC_Doradobet_Popunder_Crash_Game_Mobile_CPA
2025-10-03, EC     ,           0,  0.0                ,  449834820,      0,       12928, EC_Doradobet_Popunder_Sorteo_Carro_Mobile_CPA
2025-10-03, NI     ,           1,  1.6447059999999998 ,  437521620,      0,        4885, NI_Doradobet_Poker_Ruleta_MOBIEL_CPAT
2025-10-03, NI     ,           0,  2.469981           ,  437522820,      0,        6987, NI_Doradobet_Reglo_Registro_MOBIEL_CPA
2025-10-03, NI     ,           0,  0.144398           ,  437523420,      0,        1085, NI_Doradobet_Reglo_Registro_DESK_CPA
2025-10-03, PE     ,           2,  2.0                ,  448580820,      0,       18054, PE_Doradobet_Jack_Pot_Desk_CPA
2025-10-03, PE     ,           0,  0.0                ,  448840620,      0,       23753, PE_Doradobet_Jack_Pot_Mobile_CPA
2025-10-03, PE     ,           1,  2.0                ,  448841220,      0,       23158, PE_Doradobet_GENERICO_LIGA_1_Mob_CPA
2025-10-03, PE     ,           0,  0.0                ,  448841820,      0,       15158, PE_Doradobet_GENERICO_LIGA_1_Desk_CPA
2025-10-03, PE     ,           3,  6.0                ,  448843020,      0,       48383, PE_Doradobet_Bono_Bienvenida_Desk_CPA
2025-10-03, PE     ,           0,  0.0                ,  448843620,      0,       56943, PE_Doradobet_Bono_Bienvenida_Mob_CPA
2025-10-03, SV     ,           2,  6.353893           ,  437511420,      0,       12826, ES_Doradobet_Popunder_Regalo_Bono_Mob_CPAT
2025-10-03, SV     ,           0,  0.273758           ,  437512020,      0,        1115, ES_Doradobet_Popunder_Regalo_Bono_Desk_CPAT
2025-10-03, SV     ,           0,  0.0                ,  442119420,      0,        3524, ES_Doradobet_Popunder_Regalo_Registro_Mobile_CPAT
2025-10-03, SV     ,           0,  0.0                ,  449842020,      0,        9971, ES_Doradobet_Popunder_Deportivas_CPA
2025-10-04, CR     ,           0,  0.0                ,  458606220,      0,       11071, CR_Doradobet_PopUnder_Regalo_por_registro_Mobil
2025-10-04, EC     ,           0, 26.32033399999998   ,  437525820,      0,       42664, EC_Ecuabet_DeportivasMixtas_Mob_CPAT
2025-10-04, EC     ,           0,  5.131966           ,  444589020,      0,       13539, EC_Ecuabet_Popunder_Casino_Desk_CPAT
2025-10-04, EC     ,           0, 22.092501999999993  ,  444589620,      0,       36924, EC_Ecuabet_Popunder_Casino_Mob_CPAT
2025-10-04, EC     ,           0,  2.4263760000000003 ,  444590820,      0,        7942, EC_Ecuabet_DeportivasMixtas_Desk_CPAT
2025-10-04, EC     ,           1,  3.746955           ,  444595020,      0,       11799, DB_Ecuado_Popunder_Crash_Game_Desk_CPA
2025-10-04, EC     ,           1,  2.0                ,  449832420,      0,       24168, EC_Doradobet_Popunder_lLiga_Pro_Mobile_CPA
2025-10-04, EC     ,           0,  0.0                ,  449833020,      0,       20593, EC_Doradobet_Popunder_Crash_Game_Mobile_CPA
2025-10-04, EC     ,           1,  3.0                ,  449834820,      0,       35839, EC_Doradobet_Popunder_Sorteo_Carro_Mobile_CPA
2025-10-04, NI     ,           5,  9.660509000000005  ,  437521620,      0,       40542, NI_Doradobet_Poker_Ruleta_MOBIEL_CPAT
2025-10-04, NI     ,           4,  9.868338000000003  ,  437522820,      0,       44421, NI_Doradobet_Reglo_Registro_MOBIEL_CPA
2025-10-04, NI     ,           0,  1.224312           ,  437523420,      0,        6301, NI_Doradobet_Reglo_Registro_DESK_CPA
2025-10-04, PE     ,           0,  0.0                ,  448580820,      0,       35624, PE_Doradobet_Jack_Pot_Desk_CPA
2025-10-04, PE     ,           1,  2.0                ,  448840620,      0,      100121, PE_Doradobet_Jack_Pot_Mobile_CPA
2025-10-04, PE     ,           2,  4.0                ,  448841220,      0,      117230, PE_Doradobet_GENERICO_LIGA_1_Mob_CPA
2025-10-04, PE     ,           1,  1.0                ,  448841820,      0,       23979, PE_Doradobet_GENERICO_LIGA_1_Desk_CPA
2025-10-04, PE     ,           6, 12.0                ,  448843020,      0,      108252, PE_Doradobet_Bono_Bienvenida_Desk_CPA
2025-10-04, PE     ,           7, 14.0                ,  448843620,      0,      245170, PE_Doradobet_Bono_Bienvenida_Mob_CPA
2025-10-04, SV     ,          14, 70.208803           ,  437511420,      0,       98179, ES_Doradobet_Popunder_Regalo_Bono_Mob_CPAT
2025-10-04, SV     ,           0,  5.786724999999997  ,  437512020,      0,       12101, ES_Doradobet_Popunder_Regalo_Bono_Desk_CPAT
2025-10-04, SV     ,           1,  2.0                ,  442119420,      0,       50611, ES_Doradobet_Popunder_Regalo_Registro_Mobile_CPAT
2025-10-04, SV     ,           4,  8.0                ,  449842020,      0,      131664, ES_Doradobet_Popunder_Deportivas_CPA
2025-10-05, CR     ,           0,  0.0                ,  458606220,      0,       12155, CR_Doradobet_PopUnder_Regalo_por_registro_Mobil
2025-10-05, EC     ,           2, 30.686499999999988  ,  437525820,      0,       51801, EC_Ecuabet_DeportivasMixtas_Mob_CPAT
2025-10-05, EC     ,           0,  6.077898           ,  444589020,      0,       15117, EC_Ecuabet_Popunder_Casino_Desk_CPAT
2025-10-05, EC     ,           2, 30.468156999999994  ,  444589620,      0,       45487, EC_Ecuabet_Popunder_Casino_Mob_CPAT
2025-10-05, EC     ,           0,  2.220503           ,  444590820,      0,        9367, EC_Ecuabet_DeportivasMixtas_Desk_CPAT
2025-10-05, EC     ,           0,  3.5265779999999998 ,  444595020,      0,       14243, DB_Ecuado_Popunder_Crash_Game_Desk_CPA
2025-10-05, EC     ,           0,  0.0                ,  449832420,      0,       37456, EC_Doradobet_Popunder_lLiga_Pro_Mobile_CPA
2025-10-05, EC     ,           0,  0.0                ,  449833020,      0,       26479, EC_Doradobet_Popunder_Crash_Game_Mobile_CPA
2025-10-05, EC     ,           0,  0.0                ,  449834820,      0,       55874, EC_Doradobet_Popunder_Sorteo_Carro_Mobile_CPA
2025-10-05, NI     ,           6,  8.21771899999999   ,  437521620,      0,       46267, NI_Doradobet_Poker_Ruleta_MOBIEL_CPAT
2025-10-05, NI     ,           4,  8.596875999999988  ,  437522820,      0,       50008, NI_Doradobet_Reglo_Registro_MOBIEL_CPA
2025-10-05, NI     ,           0,  0.6124700000000001 ,  437523420,      0,        4739, NI_Doradobet_Reglo_Registro_DESK_CPA
2025-10-05, PE     ,           1,  1.0                ,  448580820,      0,       60029, PE_Doradobet_Jack_Pot_Desk_CPA
2025-10-05, PE     ,           5, 10.0                ,  448840620,      0,      189555, PE_Doradobet_Jack_Pot_Mobile_CPA
2025-10-05, PE     ,           6, 12.0                ,  448841220,      0,      221155, PE_Doradobet_GENERICO_LIGA_1_Mob_CPA
2025-10-05, PE     ,           3,  3.0                ,  448841820,      0,       54127, PE_Doradobet_GENERICO_LIGA_1_Desk_CPA
2025-10-05, PE     ,           4,  8.0                ,  448843020,      0,      193234, PE_Doradobet_Bono_Bienvenida_Desk_CPA
2025-10-05, PE     ,          16, 32.0                ,  448843620,      0,      498510, PE_Doradobet_Bono_Bienvenida_Mob_CPA
2025-10-05, SV     ,          29, 75.75096999999985   ,  437511420,      0,      110153, ES_Doradobet_Popunder_Regalo_Bono_Mob_CPAT
2025-10-05, SV     ,           0,  4.235485           ,  437512020,      0,        9985, ES_Doradobet_Popunder_Regalo_Bono_Desk_CPAT
2025-10-05, SV     ,           3,  6.0                ,  442119420,      0,       66409, ES_Doradobet_Popunder_Regalo_Registro_Mobile_CPAT
2025-10-05, SV     ,          11, 22.0                ,  449842020,      0,      180067, ES_Doradobet_Popunder_Deportivas_CPA
2025-10-06, CR     ,           0,  0.0                ,  458606220,      0,        4823, CR_Doradobet_PopUnder_Regalo_por_registro_Mobil
2025-10-06, CR     ,           0,  0.0                ,  458971620,      0,         569, CR_Doradobet_PopUnder_Regalo_por_registro_Desk
2025-10-06, EC     ,           1, 18.768716999999988  ,  437525820,      0,       36103, EC_Ecuabet_DeportivasMixtas_Mob_CPAT
2025-10-06, EC     ,           1,  4.503912000000001  ,  444589020,      0,       13296, EC_Ecuabet_Popunder_Casino_Desk_CPAT
2025-10-06, EC     ,           0, 20.96041399999999   ,  444589620,      0,       36034, EC_Ecuabet_Popunder_Casino_Mob_CPAT
2025-10-06, EC     ,           1,  1.8776189999999997 ,  444590820,      0,        9074, EC_Ecuabet_DeportivasMixtas_Desk_CPAT
2025-10-06, EC     ,           1,  2.035783999999999  ,  444595020,      0,       10014, DB_Ecuado_Popunder_Crash_Game_Desk_CPA
2025-10-06, EC     ,           1,  2.0                ,  449832420,      0,       27289, EC_Doradobet_Popunder_lLiga_Pro_Mobile_CPA
2025-10-06, EC     ,           0,  0.0                ,  449833020,      0,       19645, EC_Doradobet_Popunder_Crash_Game_Mobile_CPA
2025-10-06, EC     ,           3,  9.0                ,  449834820,      0,       39168, EC_Doradobet_Popunder_Sorteo_Carro_Mobile_CPA
2025-10-06, NI     ,           0,  1.458374           ,  437521620,      0,        5046, NI_Doradobet_Poker_Ruleta_MOBIEL_CPAT
2025-10-06, NI     ,           3,  2.53184            ,  437522820,      0,        6439, NI_Doradobet_Reglo_Registro_MOBIEL_CPA
2025-10-06, NI     ,           0,  0.10607000000000001,  437523420,      0,         873, NI_Doradobet_Reglo_Registro_DESK_CPA
2025-10-06, PE     ,           0,  0.0                ,  448580820,      0,       19454, PE_Doradobet_Jack_Pot_Desk_CPA
2025-10-06, PE     ,           0,  0.0                ,  448840620,      0,       52733, PE_Doradobet_Jack_Pot_Mobile_CPA
2025-10-06, PE     ,           0,  0.0                ,  448841220,      0,       60860, PE_Doradobet_GENERICO_LIGA_1_Mob_CPA
2025-10-06, PE     ,           1,  1.0                ,  448841820,      0,       18086, PE_Doradobet_GENERICO_LIGA_1_Desk_CPA
2025-10-06, PE     ,           3,  6.0                ,  448843020,      0,       94158, PE_Doradobet_Bono_Bienvenida_Desk_CPA
2025-10-06, PE     ,           3,  6.0                ,  448843620,      0,      173450, PE_Doradobet_Bono_Bienvenida_Mob_CPA
2025-10-06, SV     ,           1,  7.4378540000000015 ,  437511420,      0,       14224, ES_Doradobet_Popunder_Regalo_Bono_Mob_CPAT
2025-10-06, SV     ,           0,  0.24402399999999996,  437512020,      0,         988, ES_Doradobet_Popunder_Regalo_Bono_Desk_CPAT
2025-10-06, SV     ,           0,  0.0                ,  442119420,      0,        4178, ES_Doradobet_Popunder_Regalo_Registro_Mobile_CPAT
2025-10-06, SV     ,           0,  0.0                ,  449842020,      0,       13431, ES_Doradobet_Popunder_Deportivas_CPA
2025-10-07, CR     ,           0,  0.0                ,  458606220,      0,        5888, CR_Doradobet_PopUnder_Regalo_por_registro_Mobil
2025-10-07, CR     ,           0,  0.0                ,  458971620,      0,        2615, CR_Doradobet_PopUnder_Regalo_por_registro_Desk
2025-10-07, CR     ,           2,  8.749342000000002  ,  458990820,      0,       18835, CR_Doradobet_PopUnder_Regalo_por_registro_CPAT
2025-10-07, EC     ,           2,  2.5187410000000003 ,  437525820,      0,        9336, EC_Ecuabet_DeportivasMixtas_Mob_CPAT
2025-10-07, EC     ,           0,  1.118348           ,  444589020,      0,        4733, EC_Ecuabet_Popunder_Casino_Desk_CPAT
2025-10-07, EC     ,           0,  4.146605000000001  ,  444589620,      0,       12032, EC_Ecuabet_Popunder_Casino_Mob_CPAT
2025-10-07, EC     ,           0,  0.6931670000000001 ,  444590820,      0,        3872, EC_Ecuabet_DeportivasMixtas_Desk_CPAT
2025-10-07, EC     ,           0,  0.293267           ,  444595020,      0,        2891, DB_Ecuado_Popunder_Crash_Game_Desk_CPA
2025-10-07, EC     ,           0,  0.0                ,  449832420,      0,        8527, EC_Doradobet_Popunder_lLiga_Pro_Mobile_CPA
2025-10-07, EC     ,           0,  0.0                ,  449833020,      0,        6314, EC_Doradobet_Popunder_Crash_Game_Mobile_CPA
2025-10-07, EC     ,           0,  0.0                ,  449834820,      0,       15742, EC_Doradobet_Popunder_Sorteo_Carro_Mobile_CPA
2025-10-07, NI     ,           1,  0.9689530000000002 ,  437521620,      0,        4414, NI_Doradobet_Poker_Ruleta_MOBIEL_CPAT
2025-10-07, NI     ,           0,  2.598697           ,  437522820,      0,        7004, NI_Doradobet_Reglo_Registro_MOBIEL_CPA
2025-10-07, NI     ,           0,  0.09290099999999998,  437523420,      0,         943, NI_Doradobet_Reglo_Registro_DESK_CPA
2025-10-07, PE     ,           3,  6.0                ,  448843020,      0,       49532, PE_Doradobet_Bono_Bienvenida_Desk_CPA
2025-10-07, PE     ,           4,  8.0                ,  448843620,      0,       67986, PE_Doradobet_Bono_Bienvenida_Mob_CPA
2025-10-07, SV     ,           1,  5.962727000000001  ,  437511420,      0,       13079, ES_Doradobet_Popunder_Regalo_Bono_Mob_CPAT
2025-10-07, SV     ,           0,  0.15320799999999998,  437512020,      0,        1071, ES_Doradobet_Popunder_Regalo_Bono_Desk_CPAT
2025-10-07, SV     ,           0,  0.0                ,  442119420,      0,        4005, ES_Doradobet_Popunder_Regalo_Registro_Mobile_CPAT
2025-10-07, SV     ,           0,  0.0                ,  449842020,      0,       11065, ES_Doradobet_Popunder_Deportivas_CPA
2025-10-08, CR     ,           0,  0.0                ,  458606220,      0,        2500, CR_Doradobet_PopUnder_Regalo_por_registro_Mobil
2025-10-08, CR     ,           0,  0.0                ,  458971620,      0,        2508, CR_Doradobet_PopUnder_Regalo_por_registro_Desk
2025-10-08, CR     ,           1,  8.787549000000002  ,  458990820,      0,       19905, CR_Doradobet_PopUnder_Regalo_por_registro_CPAT
2025-10-08, EC     ,           0,  2.3214440000000005 ,  437525820,      0,        9467, EC_Ecuabet_DeportivasMixtas_Mob_CPAT
2025-10-08, EC     ,           1,  1.163086           ,  444589020,      0,        5723, EC_Ecuabet_Popunder_Casino_Desk_CPAT
2025-10-08, EC     ,           0,  3.6512810000000004 ,  444589620,      0,       11951, EC_Ecuabet_Popunder_Casino_Mob_CPAT
2025-10-08, EC     ,           0,  1.8453589999999997 ,  444590820,      0,        8061, EC_Ecuabet_DeportivasMixtas_Desk_CPAT
2025-10-08, EC     ,           0,  0.453601           ,  444595020,      0,        3474, DB_Ecuado_Popunder_Crash_Game_Desk_CPA
2025-10-08, EC     ,           0,  0.0                ,  449832420,      0,        8973, EC_Doradobet_Popunder_lLiga_Pro_Mobile_CPA
2025-10-08, EC     ,           0,  0.0                ,  449833020,      0,        5651, EC_Doradobet_Popunder_Crash_Game_Mobile_CPA
2025-10-08, EC     ,           0,  0.0                ,  449834820,      0,       17126, EC_Doradobet_Popunder_Sorteo_Carro_Mobile_CPA
2025-10-08, NI     ,           0,  0.978492           ,  437521620,      0,        4366, NI_Doradobet_Poker_Ruleta_MOBIEL_CPAT
2025-10-08, NI     ,           0,  2.0788770000000003 ,  437522820,      0,        5810, NI_Doradobet_Reglo_Registro_MOBIEL_CPA
2025-10-08, NI     ,           0,  0.099276           ,  437523420,      0,         915, NI_Doradobet_Reglo_Registro_DESK_CPA
2025-10-08, PE     ,           4,  8.0                ,  448843020,      0,       57918, PE_Doradobet_Bono_Bienvenida_Desk_CPA
2025-10-08, PE     ,           0,  0.0                ,  448843620,      0,       82698, PE_Doradobet_Bono_Bienvenida_Mob_CPA
2025-10-08, SV     ,           1,  5.854173000000001  ,  437511420,      0,       12478, ES_Doradobet_Popunder_Regalo_Bono_Mob_CPAT
2025-10-08, SV     ,           0,  0.179621           ,  437512020,      0,        1138, ES_Doradobet_Popunder_Regalo_Bono_Desk_CPAT
2025-10-08, SV     ,           0,  0.0                ,  442119420,      0,        4237, ES_Doradobet_Popunder_Regalo_Registro_Mobile_CPAT
2025-10-08, SV     ,           0,  0.0                ,  449842020,      0,       10536, ES_Doradobet_Popunder_Deportivas_CPA
2025-10-09, CR     ,           0,  0.0                ,  458606220,      0,        2229, CR_Doradobet_PopUnder_Regalo_por_registro_Mobil
2025-10-09, CR     ,           0,  0.0                ,  458971620,      0,        2578, CR_Doradobet_PopUnder_Regalo_por_registro_Desk
2025-10-09, CR     ,           1,  8.581091           ,  458990820,      0,       19156, CR_Doradobet_PopUnder_Regalo_por_registro_CPAT
2025-10-09, EC     ,           0,  2.4906260000000002 ,  437525820,      0,       11508, EC_Ecuabet_DeportivasMixtas_Mob_CPAT
2025-10-09, EC     ,           1,  1.5176070000000004 ,  444589020,      0,        6804, EC_Ecuabet_Popunder_Casino_Desk_CPAT
2025-10-09, EC     ,           1,  5.503959           ,  444589620,      0,       16837, EC_Ecuabet_Popunder_Casino_Mob_CPAT
2025-10-09, EC     ,           0,  2.445418           ,  444590820,      0,       10494, EC_Ecuabet_DeportivasMixtas_Desk_CPAT
2025-10-09, EC     ,           0,  0.5728530000000001 ,  444595020,      0,        4665, DB_Ecuado_Popunder_Crash_Game_Desk_CPA
2025-10-09, EC     ,           0,  0.0                ,  449832420,      0,       11759, EC_Doradobet_Popunder_lLiga_Pro_Mobile_CPA
2025-10-09, EC     ,           0,  0.0                ,  449833020,      0,        8068, EC_Doradobet_Popunder_Crash_Game_Mobile_CPA
2025-10-09, EC     ,           0,  0.0                ,  449834820,      0,       18196, EC_Doradobet_Popunder_Sorteo_Carro_Mobile_CPA
2025-10-09, NI     ,           1,  1.132046           ,  437521620,      0,        4838, NI_Doradobet_Poker_Ruleta_MOBIEL_CPAT
2025-10-09, NI     ,           0,  1.787447           ,  437522820,      0,        4990, NI_Doradobet_Reglo_Registro_MOBIEL_CPA
2025-10-09, NI     ,           0,  0.08067899999999999,  437523420,      0,         776, NI_Doradobet_Reglo_Registro_DESK_CPA
2025-10-09, PE     ,           2,  4.0                ,  448843020,      0,       56394, PE_Doradobet_Bono_Bienvenida_Desk_CPA
2025-10-09, PE     ,           4,  8.0                ,  448843620,      0,       70875, PE_Doradobet_Bono_Bienvenida_Mob_CPA
2025-10-09, SV     ,           1,  5.707362999999999  ,  437511420,      0,       12508, ES_Doradobet_Popunder_Regalo_Bono_Mob_CPAT
2025-10-09, SV     ,           0,  0.196022           ,  437512020,      0,        1099, ES_Doradobet_Popunder_Regalo_Bono_Desk_CPAT
2025-10-09, SV     ,           0,  0.0                ,  442119420,      0,        3364, ES_Doradobet_Popunder_Regalo_Registro_Mobile_CPAT
2025-10-09, SV     ,           0,  0.0                ,  449842020,      0,        9633, ES_Doradobet_Popunder_Deportivas_CPA
2025-10-10, CR     ,           0,  0.0                ,  458606220,      0,        2862, CR_Doradobet_PopUnder_Regalo_por_registro_Mobil
2025-10-10, CR     ,           1,  1.0                ,  458971620,      0,        4300, CR_Doradobet_PopUnder_Regalo_por_registro_Desk
2025-10-10, CR     ,           3, 11.944382000000003  ,  458990820,      0,       21791, CR_Doradobet_PopUnder_Regalo_por_registro_CPAT
2025-10-10, EC     ,           0,  4.794013999999999  ,  437525820,      0,       15376, EC_Ecuabet_DeportivasMixtas_Mob_CPAT
2025-10-10, EC     ,           0,  2.504238           ,  444589020,      0,        8268, EC_Ecuabet_Popunder_Casino_Desk_CPAT
2025-10-10, EC     ,           0, 14.301017999999997  ,  444589620,      0,       29608, EC_Ecuabet_Popunder_Casino_Mob_CPAT
2025-10-10, EC     ,           0,  2.7383819999999996 ,  444590820,      0,       11369, EC_Ecuabet_DeportivasMixtas_Desk_CPAT
2025-10-10, EC     ,           0,  0.922077           ,  444595020,      0,        5476, DB_Ecuado_Popunder_Crash_Game_Desk_CPA
2025-10-10, EC     ,           0,  0.0                ,  449832420,      0,       13049, EC_Doradobet_Popunder_lLiga_Pro_Mobile_CPA
2025-10-10, EC     ,           0,  0.0                ,  449833020,      0,        9387, EC_Doradobet_Popunder_Crash_Game_Mobile_CPA
2025-10-10, EC     ,           0,  0.0                ,  449834820,      0,       17502, EC_Doradobet_Popunder_Sorteo_Carro_Mobile_CPA
2025-10-10, NI     ,           0,  1.97303            ,  437521620,      0,        9593, NI_Doradobet_Poker_Ruleta_MOBIEL_CPAT
2025-10-10, NI     ,           0,  2.397463           ,  437522820,      0,        8398, NI_Doradobet_Reglo_Registro_MOBIEL_CPA
2025-10-10, NI     ,           0,  0.10062399999999999,  437523420,      0,         996, NI_Doradobet_Reglo_Registro_DESK_CPA
2025-10-10, PE     ,           2,  4.0                ,  448843020,      0,       41970, PE_Doradobet_Bono_Bienvenida_Desk_CPA
2025-10-10, PE     ,           3,  6.0                ,  448843620,      0,       58656, PE_Doradobet_Bono_Bienvenida_Mob_CPA
2025-10-10, SV     ,           1, 10.423198           ,  437511420,      0,       18245, ES_Doradobet_Popunder_Regalo_Bono_Mob_CPAT
2025-10-10, SV     ,           1,  0.833267           ,  437512020,      0,        2259, ES_Doradobet_Popunder_Regalo_Bono_Desk_CPAT
2025-10-10, SV     ,           0,  0.0                ,  442119420,      0,        4742, ES_Doradobet_Popunder_Regalo_Registro_Mobile_CPAT
2025-10-10, SV     ,           0,  0.0                ,  449842020,      0,       14139, ES_Doradobet_Popunder_Deportivas_CPA
2025-10-11, CR     ,           1,  1.0                ,  458606220,      0,        4228, CR_Doradobet_PopUnder_Regalo_por_registro_Mobil
2025-10-11, CR     ,           0,  0.0                ,  458971620,      0,        5058, CR_Doradobet_PopUnder_Regalo_por_registro_Desk
2025-10-11, CR     ,           0,  9.989847000000001  ,  458990820,      0,       21256, CR_Doradobet_PopUnder_Regalo_por_registro_CPAT
2025-10-11, EC     ,           0, 18.098608000000034  ,  437525820,      0,       43367, EC_Ecuabet_DeportivasMixtas_Mob_CPAT
2025-10-11, EC     ,           3, 15.528180999999998  ,  444589020,      0,       35109, EC_Ecuabet_Popunder_Casino_Desk_CPAT
2025-10-11, EC     ,           1, 61.094509999999964  ,  444589620,      0,       89563, EC_Ecuabet_Popunder_Casino_Mob_CPAT
2025-10-11, EC     ,           0, 11.521929           ,  444590820,      0,       29739, EC_Ecuabet_DeportivasMixtas_Desk_CPAT
2025-10-11, EC     ,           0, 10.663457999999995  ,  444595020,      0,       30156, DB_Ecuado_Popunder_Crash_Game_Desk_CPA
2025-10-11, EC     ,           4,  8.0                ,  449832420,      0,       59709, EC_Doradobet_Popunder_lLiga_Pro_Mobile_CPA
2025-10-11, EC     ,           1,  2.0                ,  449833020,      0,       35035, EC_Doradobet_Popunder_Crash_Game_Mobile_CPA
2025-10-11, EC     ,           3,  9.0                ,  449834820,      0,       79002, EC_Doradobet_Popunder_Sorteo_Carro_Mobile_CPA
2025-10-11, NI     ,           0,  2.419623           ,  437521620,      0,       12713, NI_Doradobet_Poker_Ruleta_MOBIEL_CPAT
2025-10-11, NI     ,           1,  3.150353999999999  ,  437522820,      0,       12303, NI_Doradobet_Reglo_Registro_MOBIEL_CPA
2025-10-11, NI     ,           0,  0.188891           ,  437523420,      0,        1399, NI_Doradobet_Reglo_Registro_DESK_CPA
2025-10-11, PE     ,           7, 14.0                ,  448843020,      0,      123827, PE_Doradobet_Bono_Bienvenida_Desk_CPA
2025-10-11, PE     ,           5, 10.0                ,  448843620,      0,      267438, PE_Doradobet_Bono_Bienvenida_Mob_CPA
2025-10-11, SV     ,          22, 55.83344299999986   ,  437511420,      0,       83964, ES_Doradobet_Popunder_Regalo_Bono_Mob_CPAT
2025-10-11, SV     ,           1,  5.148167999999999  ,  437512020,      0,       12888, ES_Doradobet_Popunder_Regalo_Bono_Desk_CPAT
2025-10-11, SV     ,           3,  6.0                ,  442119420,      0,       33710, ES_Doradobet_Popunder_Regalo_Registro_Mobile_CPAT
2025-10-11, SV     ,           3,  6.0                ,  449842020,      0,       89319, ES_Doradobet_Popunder_Deportivas_CPA
2025-10-12, CR     ,           0,  0.0                ,  458606220,      0,        5908, CR_Doradobet_PopUnder_Regalo_por_registro_Mobil
2025-10-12, CR     ,           0,  0.0                ,  458971620,      0,        5332, CR_Doradobet_PopUnder_Regalo_por_registro_Desk
2025-10-12, CR     ,           1,  9.867784           ,  458990820,      0,       19886, CR_Doradobet_PopUnder_Regalo_por_registro_CPAT
2025-10-12, EC     ,           3, 11.983016000000001  ,  437525820,      0,       22229, EC_Ecuabet_DeportivasMixtas_Mob_CPAT
2025-10-12, EC     ,           0,  1.7303680000000004 ,  444589020,      0,        7451, EC_Ecuabet_Popunder_Casino_Desk_CPAT
2025-10-12, EC     ,           0, 14.764834000000006  ,  444589620,      0,       27987, EC_Ecuabet_Popunder_Casino_Mob_CPAT
2025-10-12, EC     ,           0,  2.38336            ,  444590820,      0,        6188, EC_Ecuabet_DeportivasMixtas_Desk_CPAT
2025-10-12, EC     ,           0,  2.2427440000000005 ,  444595020,      0,        5788, DB_Ecuado_Popunder_Crash_Game_Desk_CPA
2025-10-12, EC     ,           0,  0.0                ,  449832420,      0,       18320, EC_Doradobet_Popunder_lLiga_Pro_Mobile_CPA
2025-10-12, EC     ,           0,  0.0                ,  449833020,      0,       12318, EC_Doradobet_Popunder_Crash_Game_Mobile_CPA
2025-10-12, EC     ,           0,  0.0                ,  449834820,      0,       16919, EC_Doradobet_Popunder_Sorteo_Carro_Mobile_CPA
2025-10-12, NI     ,           1,  2.576232           ,  437521620,      0,       10937, NI_Doradobet_Poker_Ruleta_MOBIEL_CPAT
2025-10-12, NI     ,           2,  2.9468739999999998 ,  437522820,      0,        9951, NI_Doradobet_Reglo_Registro_MOBIEL_CPA
2025-10-12, NI     ,           0,  0.151194           ,  437523420,      0,        1192, NI_Doradobet_Reglo_Registro_DESK_CPA
2025-10-12, PE     ,           0,  0.0                ,  448843020,      0,       69646, PE_Doradobet_Bono_Bienvenida_Desk_CPA
2025-10-12, PE     ,           1,  2.0                ,  448843620,      0,      101297, PE_Doradobet_Bono_Bienvenida_Mob_CPA
2025-10-12, SV     ,           0, 14.607122000000004  ,  437511420,      0,       23305, ES_Doradobet_Popunder_Regalo_Bono_Mob_CPAT
2025-10-12, SV     ,           0,  1.19425            ,  437512020,      0,        3670, ES_Doradobet_Popunder_Regalo_Bono_Desk_CPAT
2025-10-12, SV     ,           0,  0.0                ,  442119420,      0,        9108, ES_Doradobet_Popunder_Regalo_Registro_Mobile_CPAT
2025-10-12, SV     ,           0,  0.0                ,  449842020,      0,       21437, ES_Doradobet_Popunder_Deportivas_CPA
2025-10-13, CR     ,           0,  0.0                ,  458606220,      0,        4031, CR_Doradobet_PopUnder_Regalo_por_registro_Mobil
2025-10-13, CR     ,           0,  0.0                ,  458971620,      0,        3252, CR_Doradobet_PopUnder_Regalo_por_registro_Desk
2025-10-13, CR     ,           1,  8.440056           ,  458990820,      0,       15868, CR_Doradobet_PopUnder_Regalo_por_registro_CPAT
2025-10-13, EC     ,           0,  9.862724000000002  ,  437525820,      0,       18853, EC_Ecuabet_DeportivasMixtas_Mob_CPAT
2025-10-13, EC     ,           0,  1.260808           ,  444589020,      0,        5460, EC_Ecuabet_Popunder_Casino_Desk_CPAT
2025-10-13, EC     ,           0,  9.605247000000002  ,  444589620,      0,       19292, EC_Ecuabet_Popunder_Casino_Mob_CPAT
2025-10-13, EC     ,           0,  1.7249649999999999 ,  444590820,      0,        4363, EC_Ecuabet_DeportivasMixtas_Desk_CPAT
2025-10-13, EC     ,           0,  1.883794           ,  444595020,      0,        4679, DB_Ecuado_Popunder_Crash_Game_Desk_CPA
2025-10-13, EC     ,           0,  0.0                ,  449832420,      0,       11382, EC_Doradobet_Popunder_lLiga_Pro_Mobile_CPA
2025-10-13, EC     ,           0,  0.0                ,  449833020,      0,        8151, EC_Doradobet_Popunder_Crash_Game_Mobile_CPA
2025-10-13, EC     ,           0,  0.0                ,  449834820,      0,        9551, EC_Doradobet_Popunder_Sorteo_Carro_Mobile_CPA
2025-10-13, NI     ,           0,  2.27096            ,  437521620,      0,        7615, NI_Doradobet_Poker_Ruleta_MOBIEL_CPAT
2025-10-13, NI     ,           0,  2.953802           ,  437522820,      0,        9243, NI_Doradobet_Reglo_Registro_MOBIEL_CPA
2025-10-13, NI     ,           0,  0.14583400000000002,  437523420,      0,         931, NI_Doradobet_Reglo_Registro_DESK_CPA
2025-10-13, PE     ,           4,  8.0                ,  448843020,      0,       52173, PE_Doradobet_Bono_Bienvenida_Desk_CPA
2025-10-13, PE     ,           0,  0.0                ,  448843620,      0,       27018, PE_Doradobet_Bono_Bienvenida_Mob_CPA
2025-10-13, SV     ,           0,  8.363975           ,  437511420,      0,       14750, ES_Doradobet_Popunder_Regalo_Bono_Mob_CPAT
2025-10-13, SV     ,           0,  0.8830690000000001 ,  437512020,      0,        2655, ES_Doradobet_Popunder_Regalo_Bono_Desk_CPAT
2025-10-13, SV     ,           0,  0.0                ,  442119420,      0,        4732, ES_Doradobet_Popunder_Regalo_Registro_Mobile_CPAT
2025-10-13, SV     ,           0,  0.0                ,  449842020,      0,        8973, ES_Doradobet_Popunder_Deportivas_CPA
2025-10-14, CR     ,           0,  0.0                ,  458606220,      0,        8306, CR_Doradobet_PopUnder_Regalo_por_registro_Mobil
2025-10-14, CR     ,           0,  0.0                ,  458971620,      0,        6268, CR_Doradobet_PopUnder_Regalo_por_registro_Desk
2025-10-14, CR     ,           6, 15.435901000000005  ,  458990820,      0,       28165, CR_Doradobet_PopUnder_Regalo_por_registro_CPAT
2025-10-14, EC     ,           0, 11.278310999999999  ,  437525820,      0,       20011, EC_Ecuabet_DeportivasMixtas_Mob_CPAT
2025-10-14, EC     ,           0,  1.9623380000000004 ,  444589020,      0,        7533, EC_Ecuabet_Popunder_Casino_Desk_CPAT
2025-10-14, EC     ,           0, 16.317337           ,  444589620,      0,       28749, EC_Ecuabet_Popunder_Casino_Mob_CPAT
2025-10-14, EC     ,           0,  2.9649780000000003 ,  444590820,      0,        6655, EC_Ecuabet_DeportivasMixtas_Desk_CPAT
2025-10-14, EC     ,           0,  2.8983900000000005 ,  444595020,      0,        6153, DB_Ecuado_Popunder_Crash_Game_Desk_CPA
2025-10-14, EC     ,           0,  0.0                ,  449832420,      0,       17945, EC_Doradobet_Popunder_lLiga_Pro_Mobile_CPA
2025-10-14, EC     ,           0,  0.0                ,  449833020,      0,       13498, EC_Doradobet_Popunder_Crash_Game_Mobile_CPA
2025-10-14, EC     ,           1,  3.0                ,  449834820,      0,       15807, EC_Doradobet_Popunder_Sorteo_Carro_Mobile_CPA
2025-10-14, NI     ,           1,  3.2227799999999998 ,  437521620,      0,       13917, NI_Doradobet_Poker_Ruleta_MOBIEL_CPAT
2025-10-14, NI     ,           3,  3.7978580000000006 ,  437522820,      0,       15549, NI_Doradobet_Reglo_Registro_MOBIEL_CPA
2025-10-14, NI     ,           1,  0.266708           ,  437523420,      0,        1737, NI_Doradobet_Reglo_Registro_DESK_CPA
2025-10-14, PE     ,           4,  8.0                ,  448843020,      0,       48426, PE_Doradobet_Bono_Bienvenida_Desk_CPA
2025-10-14, SV     ,           2, 14.759931000000007  ,  437511420,      0,       28437, ES_Doradobet_Popunder_Regalo_Bono_Mob_CPAT
2025-10-14, SV     ,           0,  2.247452000000001  ,  437512020,      0,        5553, ES_Doradobet_Popunder_Regalo_Bono_Desk_CPAT
2025-10-14, SV     ,           0,  0.0                ,  442119420,      0,       13372, ES_Doradobet_Popunder_Regalo_Registro_Mobile_CPAT
2025-10-14, SV     ,           1,  2.0                ,  449842020,      0,       25061, ES_Doradobet_Popunder_Deportivas_CPA
