stat_time_day,ad_id,country_code,comments,cpc,currency,result,profile_visits,impressions,shares,clicks,result_rate,video_watched_2s,cpm,conversion,likes,spend,campaign_id,cost_per_conversion,complete_payment,conversion_rate,ctr,video_watched_6s,follows,reach
2025-10-03 00:00:00,1844989123681314,EC,0,22.66,COP,729,1,10692,0,1033,6.82,4810,2188.92,729,0,23403.98,1844988626921586,32.10,0,70.57,9.66,3454,0,4999
2025-10-03 00:00:00,1844989123681314,None,0,0.00,COP,0,0,0,0,0,0.00,0,0.00,0,0,0.00,1844988626921586,0.00,0,0.00,0.00,0,0,0
2025-10-04 00:00:00,1844989123681314,EC,0,13.47,COP,1671,0,20555,0,2332,8.13,9813,1528.57,1671,0,31419.68,1844988626921586,18.80,0,71.66,11.35,7097,0,10405
2025-10-04 00:00:00,1844989123681314,None,0,0.00,COP,1,0,0,0,0,0.00,0,0.00,1,0,0.00,1844988626921586,0.00,0,0.00,0.00,0,0,0
2025-10-05 00:00:00,1844989123681314,EC,0,11.78,COP,2095,0,23005,0,2945,9.11,11351,1507.40,2095,0,34677.70,1844988626921586,16.55,0,71.14,12.80,8090,0,11775
2025-10-05 00:00:00,1844989123681314,None,0,0.00,COP,3,0,0,0,0,0.00,0,0.00,3,0,0.00,1844988626921586,0.00,0,0.00,0.00,0,0,0
2025-10-06 00:00:00,1844989123681314,EC,0,13.46,COP,1779,0,23386,0,2590,7.61,10725,1491.15,1779,0,34871.95,1844988626921586,19.60,0,68.69,11.08,7540,0,11581
2025-10-06 00:00:00,1844989123681314,None,0,0.00,COP,1,0,0,0,0,0.00,0,0.00,1,0,0.00,1844988626921586,0.00,0,0.00,0.00,0,0,0
2025-10-07 00:00:00,1844989123681314,EC,0,13.77,COP,1666,0,21610,0,2446,7.71,10242,1558.72,1666,0,33683.84,1844988626921586,20.22,0,68.11,11.32,7452,0,10979
2025-10-07 00:00:00,1844989123681314,None,0,0.00,COP,2,0,0,0,0,0.00,0,0.00,2,0,0.00,1844988626921586,0.00,0,0.00,0.00,0,0,0
2025-10-08 00:00:00,1844989123681314,EC,0,16.85,COP,1401,0,17595,0,2009,7.96,8891,1923.72,1401,0,33847.89,1844988626921586,24.16,0,69.74,11.42,6733,0,9185
2025-10-08 00:00:00,1844989123681314,None,0,0.00,COP,3,0,0,0,0,0.00,0,0.00,3,0,0.00,1844988626921586,0.00,0,0.00,0.00,0,0,0
2025-10-09 00:00:00,1845523517868082,EC,0,13.46,COP,162,0,2143,0,243,7.56,1074,1526.57,162,0,3271.44,1844988626921586,20.19,0,66.67,11.34,896,0,1174
2025-10-09 00:00:00,1845523220371490,EC,0,12.53,COP,87,0,1172,0,128,7.42,406,1368.52,87,0,1603.91,1844988626921586,18.44,0,67.97,10.92,287,0,627
2025-10-09 00:00:00,1845523858342178,EC,0,12.75,COP,519,0,6912,0,758,7.51,3306,1397.88,519,0,9662.16,1844988626921586,18.62,0,68.47,10.97,2519,0,3776
2025-10-09 00:00:00,1844989123681314,EC,0,15.42,COP,796,0,9760,0,1124,8.16,4755,1775.78,796,0,17331.63,1844988626921586,21.77,0,70.82,11.52,3616,0,5300
2025-10-09 00:00:00,1845522392417585,EC,0,13.04,COP,139,0,1640,0,180,8.48,820,1430.87,139,0,2346.62,1844988626921586,16.88,0,77.22,10.98,665,0,958
2025-10-09 00:00:00,1844989123681314,None,0,0.00,COP,1,0,0,0,0,0.00,0,0.00,1,0,0.00,1844988626921586,0.00,0,0.00,0.00,0,0,0
2025-10-09 00:00:00,1845523517868082,None,0,0.00,COP,1,0,0,0,0,0.00,0,0.00,1,0,0.00,1844988626921586,0.00,0,0.00,0.00,0,0,0
2025-10-10 00:00:00,1845523220371490,EC,0,13.23,COP,38,0,401,0,53,9.48,170,1748.78,38,0,701.26,1844988626921586,18.45,0,71.70,13.22,141,0,252
2025-10-10 00:00:00,1845523858342178,EC,0,12.19,COP,747,0,7602,0,985,9.83,4088,1579.64,747,0,12008.44,1844988626921586,16.08,0,75.84,12.96,2810,0,4787
2025-10-10 00:00:00,1844989123681314,EC,0,13.01,COP,204,0,3600,0,292,5.67,1276,1055.22,204,0,3798.78,1844988626921586,18.62,0,69.86,8.11,1055,0,1609
2025-10-10 00:00:00,1845523517868082,EC,0,12.39,COP,835,0,10420,0,1200,8.01,4420,1427.21,835,0,14871.49,1844988626921586,17.81,0,69.58,11.52,3571,0,5293
2025-10-10 00:00:00,1845522392417585,EC,0,10.47,COP,58,0,859,0,70,6.75,209,853.28,58,0,732.97,1844988626921586,12.64,0,82.86,8.15,157,0,400
2025-10-10 00:00:00,1845523517868082,None,0,0.00,COP,1,0,0,0,0,0.00,0,0.00,1,0,0.00,1844988626921586,0.00,0,0.00,0.00,0,0,0
2025-10-10 00:00:00,1845523858342178,None,0,0.00,COP,0,0,0,0,0,0.00,0,0.00,0,0,0.00,1844988626921586,0.00,0,0.00,0.00,0,0,0
2025-10-10 00:00:00,1844989123681314,None,0,0.00,COP,1,0,0,0,0,0.00,0,0.00,1,0,0.00,1844988626921586,0.00,0,0.00,0.00,0,0,0
2025-10-11 00:00:00,1844989123681314,EC,0,13.93,COP,183,0,4071,0,269,4.50,1201,920.70,183,0,3748.15,1844988626921586,20.48,0,68.03,6.61,1003,0,1505
2025-10-11 00:00:00,1845522392417585,EC,0,12.54,COP,99,0,1934,0,142,5.12,418,920.85,99,0,1780.92,1844988626921586,17.99,0,69.72,7.34,308,0,846
2025-10-11 00:00:00,1845523517868082,EC,0,12.44,COP,578,0,5858,0,842,9.87,2945,1788.58,578,0,10477.52,1844988626921586,18.13,0,68.65,14.37,2413,0,3251
2025-10-11 00:00:00,1845523220371490,EC,0,11.76,COP,14,0,217,0,29,6.45,94,1571.98,14,0,341.12,1844988626921586,24.37,0,48.28,13.36,71,0,122
2025-10-11 00:00:00,1845523858342178,EC,0,12.64,COP,1056,0,12951,0,1481,8.15,6028,1444.91,1056,0,18713.07,1844988626921586,17.72,0,71.30,11.44,4187,0,7026
2025-10-11 00:00:00,1844989123681314,None,0,0.00,COP,0,0,0,0,0,0.00,0,0.00,0,0,0.00,1844988626921586,0.00,0,0.00,0.00,0,0,0
2025-10-11 00:00:00,1845523517868082,None,0,0.00,COP,0,0,0,0,0,0.00,0,0.00,0,0,0.00,1844988626921586,0.00,0,0.00,0.00,0,0,0
2025-10-11 00:00:00,1845523858342178,None,0,0.00,COP,1,0,0,0,0,0.00,0,0.00,1,0,0.00,1844988626921586,0.00,0,0.00,0.00,0,0,0
2025-10-12 00:00:00,1845523517868082,EC,0,13.59,COP,667,0,6514,0,972,10.24,3496,2028.50,667,0,13213.67,1844988626921586,19.81,0,68.62,14.92,2818,0,3676
2025-10-12 00:00:00,1845523220371490,EC,0,20.44,COP,10,0,247,0,13,4.05,93,1075.99,10,0,265.77,1844988626921586,26.58,0,76.92,5.26,73,0,117
2025-10-12 00:00:00,1845523858342178,EC,0,12.85,COP,812,0,9175,0,1113,8.85,4988,1558.89,812,0,14302.82,1844988626921586,17.61,0,72.96,12.13,3605,0,5128
2025-10-12 00:00:00,1845522392417585,EC,0,10.02,COP,32,0,405,0,58,7.90,123,1434.42,32,0,580.94,1844988626921586,18.15,0,55.17,14.32,84,0,235
2025-10-12 00:00:00,1844989123681314,EC,0,13.07,COP,314,0,6197,0,463,5.07,1667,976.56,314,0,6051.77,1844988626921586,19.27,0,67.82,7.47,1346,0,2327
2025-10-12 00:00:00,1845523517868082,None,0,0.00,COP,0,0,0,0,0,0.00,0,0.00,0,0,0.00,1844988626921586,0.00,0,0.00,0.00,0,0,0
2025-10-12 00:00:00,1844989123681314,None,0,0.00,COP,1,0,0,0,0,0.00,0,0.00,1,0,0.00,1844988626921586,0.00,0,0.00,0.00,0,0,0
2025-10-12 00:00:00,1845523858342178,None,0,0.00,COP,0,0,0,0,0,0.00,0,0.00,0,0,0.00,1844988626921586,0.00,0,0.00,0.00,0,0,0
2025-10-13 00:00:00,1845523220371490,EC,0,17.84,COP,9,0,215,0,11,4.19,80,912.98,9,0,196.29,1844988626921586,21.81,0,81.82,5.12,68,0,100
2025-10-13 00:00:00,1845523858342178,EC,0,14.90,COP,678,0,8126,0,914,8.34,4167,1675.75,678,0,13617.11,1844988626921586,20.08,0,74.18,11.25,3047,0,4504
2025-10-13 00:00:00,1845523517868082,EC,0,13.99,COP,758,0,7058,0,1067,10.74,3505,2114.53,758,0,14924.34,1844988626921586,19.69,0,71.04,15.12,2734,0,4433
2025-10-13 00:00:00,1844989123681314,EC,0,16.02,COP,207,0,4579,0,290,4.52,1369,1014.40,207,0,4644.96,1844988626921586,22.44,0,71.38,6.33,1095,0,1700
2025-10-13 00:00:00,1845522392417585,EC,0,15.46,COP,39,0,441,0,54,8.84,178,1892.45,39,0,834.57,1844988626921586,21.40,0,72.22,12.24,119,0,325
2025-10-13 00:00:00,1845523220371490,None,0,0.00,COP,0,0,0,0,0,0.00,0,0.00,0,0,0.00,1844988626921586,0.00,0,0.00,0.00,0,0,0
2025-10-13 00:00:00,1845522392417585,None,0,0.00,COP,0,0,0,0,0,0.00,0,0.00,0,0,0.00,1844988626921586,0.00,0,0.00,0.00,0,0,0
2025-10-13 00:00:00,1844989123681314,None,0,0.00,COP,1,0,0,0,0,0.00,0,0.00,1,0,0.00,1844988626921586,0.00,0,0.00,0.00,0,0,0
2025-10-13 00:00:00,1845523858342178,None,0,0.00,COP,1,0,0,0,0,0.00,0,0.00,1,0,0.00,1844988626921586,0.00,0,0.00,0.00,0,0,0
2025-10-13 00:00:00,1845523517868082,None,0,0.00,COP,1,0,0,0,0,0.00,0,0.00,1,0,0.00,1844988626921586,0.00,0,0.00,0.00,0,0,0
2025-10-14 00:00:00,1845523858342178,EC,0,13.42,COP,1087,0,14391,0,1557,7.55,6728,1452.41,1087,0,20901.65,1844988626921586,19.23,0,69.81,10.82,4711,0,7746
2025-10-14 00:00:00,1844989123681314,EC,0,16.24,COP,37,0,382,0,52,9.69,269,2210.00,37,0,844.22,1844988626921586,22.82,0,71.15,13.61,229,0,243
2025-10-14 00:00:00,1845522392417585,EC,0,22.65,COP,10,0,138,0,14,7.25,61,2297.32,10,0,317.03,1844988626921586,31.70,0,71.43,10.14,43,0,122
2025-10-14 00:00:00,1845523517868082,EC,0,13.15,COP,646,0,5993,0,946,10.78,3051,2076.44,646,0,12444.13,1844988626921586,19.26,0,68.29,15.79,2473,0,3593
2025-10-14 00:00:00,1845523220371490,EC,0,29.22,COP,1,0,31,0,2,3.23,22,1884.84,1,0,58.43,1844988626921586,58.43,0,50.00,6.45,20,0,27
2025-10-14 00:00:00,1845523858342178,None,0,0.00,COP,0,0,0,0,0,0.00,0,0.00,0,0,0.00,1844988626921586,0.00,0,0.00,0.00,0,0,0
2025-10-14 00:00:00,1845523517868082,None,0,0.00,COP,1,0,0,0,0,0.00,0,0.00,1,0,0.00,1844988626921586,0.00,0,0.00,0.00,0,0,0
2025-10-14 00:00:00,1844989123681314,None,0,0.00,COP,0,0,0,0,0,0.00,0,0.00,0,0,0.00,1844988626921586,0.00,0,0.00,0.00,0,0,0
